name,sex,house,killedBy,image
Addam Marbrand,male,NA,NA,NA
Adrack Humble,male,NA,NA,NA
Aeron Greyjoy,male,Greyjoy,NA,https://images-na.ssl-images-amazon.com/images/M/MV5BNzI5MDg0ZDAtN2Y2ZC00MzU1LTgyYjQtNTBjYjEzODczZDVhXkEyXkFqcGdeQXVyNTg0Nzg4NTE@._V1._SX100_SY140_.jpg
Aerys Targaryen,male,NA,NA,NA
Aggo,male,NA,NA,NA
Akho,male,NA,Daario Naharis,https://images-na.ssl-images-amazon.com/images/M/MV5BOGE4ZDZmOGUtNGE4Ny00Y2VmLThiOGItMjk3Y2U0ZDY3OWQxXkEyXkFqcGdeQXVyMjk3NTUyOTc@._V1._SX100_SY140_.jpg
Alliser Thorne,male,NA,Jon Snow,https://images-na.ssl-images-amazon.com/images/M/MV5BMjAxMjExMjA3M15BMl5BanBnXkFtZTcwMjI1ODg5NA@@._V1._SX100_SY140_.jpg
Alton Lannister,male,Lannister,Jaime Lannister,https://images-na.ssl-images-amazon.com/images/M/MV5BMTU0NTU1NTAzOF5BMl5BanBnXkFtZTcwNzA2NDk4OA@@._V1._SX100_SY140_.jpg
Amory Lorch,male,NA,Jaqen H'ghar,https://images-na.ssl-images-amazon.com/images/M/MV5BOTVmY2M2YmUtY2JkYS00NjIyLWFhYTAtNTNlZmI4ODdiNmE5XkEyXkFqcGdeQXVyMjg2MTMyNTM@._V1._SX100_SY140_.jpg
Anguy,male,NA,NA,https://images-na.ssl-images-amazon.com/images/M/MV5BNmRhY2M4YmItNjc2Yi00ZDc0LWE5NmUtNGE5OWE0YTQ2YjY3XkEyXkFqcGdeQXVyMjk3NTUyOTc@._V1._SX100_SY140_.jpg
Archmaester Ebrose,male,NA,NA,NA
Areo Hotah,male,NA,Tyene Sand,https://images-na.ssl-images-amazon.com/images/M/MV5BNWFkNTAwNzctOGQ2ZS00OTMyLWE3NDYtOGUwM2E1MzVlYjI0XkEyXkFqcGdeQXVyMjk3NTUyOTc@._V1._SX100_SY140_.jpg
Arthur,male,NA,NA,NA
Arthur Dayne,male,NA,Howland Reed/Eddard Stark,https://images-na.ssl-images-amazon.com/images/M/MV5BODczZDUxYmQtMzk1MC00ZTUwLTk1MjAtZDJlODViMWFhOGU5XkEyXkFqcGdeQXVyMjk3NTUyOTc@._V1._SX100_SY140_.jpg
Ash,male,NA,NA,NA
Axell Florent,male,NA,NA,NA
Baby Jon Snow,male,NA,NA,NA
Baby Sam,male,NA,NA,NA
Balon Greyjoy,male,Greyjoy,Euron Greyjoy,https://images-na.ssl-images-amazon.com/images/M/MV5BMTUxNjkwODczN15BMl5BanBnXkFtZTcwODMwNTgzNw@@._V1._SX100_SY140_.jpg
Bannen,male,NA,NA,NA
Baratheon General,male,NA,NA,NA
Baratheon Soldier #1,male,NA,NA,NA
Baratheon Soldier #2,male,NA,NA,NA
Barristan Selmy,male,NA,Sons of the Harpy,https://images-na.ssl-images-amazon.com/images/M/MV5BMTUyMTE0NjUxNV5BMl5BanBnXkFtZTcwOTA1ODg5NA@@._V1._SX100_SY140_.jpg
Bear Island Maester,male,NA,NA,NA
Belicho Paenymion,male,NA,NA,NA
Benjen Stark,male,Stark,Wights,https://images-na.ssl-images-amazon.com/images/M/MV5BMjFiY2M5MjgtZmRiMS00ZTAyLTk2Y2UtMjdjZTRkZmVlYTMyXkEyXkFqcGdeQXVyMjk3NTUyOTc@._V1._SX100_SY140_.jpg
Beric Dondarrion,male,NA,Sandor Clegane/Wights,https://images-na.ssl-images-amazon.com/images/M/MV5BMjQwMTEwNTg2MF5BMl5BanBnXkFtZTgwNTAxODYxOTE@._V1._SX100_SY140_.jpg
Biter,male,NA,Sandor Clegane,https://images-na.ssl-images-amazon.com/images/M/MV5BMjQ1ZWY3NTYtNmYzZS00ZDQyLThhMDItYTQyNmU0ZDg5NWViL2ltYWdlXkEyXkFqcGdeQXVyMjk3NTUyOTc@._V1_SY100_SX100_AL_.jpg
Black Jack Bulwer,male,NA,NA,NA
Black Lorren,male,NA,NA,https://images-na.ssl-images-amazon.com/images/M/MV5BNjg5ZGZjZDUtZmJmNC00MjQ5LWJhZDAtOTc0MzYzNTNkMTZiXkEyXkFqcGdeQXVyMjk3NTUyOTc@._V1._SX100_SY140_.jpg
Black Walder Rivers,male,Frey,Arya Stark,NA
Boat Commander,male,NA,NA,NA
Bobono,male,NA,NA,https://images-na.ssl-images-amazon.com/images/M/MV5BZWRmNWVhNTctOGJlZC00ZjVlLThkY2MtODU3Y2I2Njc1YzZjL2ltYWdlXkEyXkFqcGdeQXVyMjk3NTUyOTc@._V1._SX100_SY140_.jpg
Bolton General,male,NA,NA,NA
Bolton Guard,male,NA,NA,NA
Bolton Officer,male,NA,NA,NA
Bolton Soldier,male,NA,NA,NA
Bowen Marsh,male,NA,Jon Snow,https://images-na.ssl-images-amazon.com/images/M/MV5BNmRkMDYxYjQtYTBjZi00NDZlLThmNGMtYzlhNGI1ZDE5NTJmXkEyXkFqcGdeQXVyMjk3NTUyOTc@._V1._SX100_SY140_.jpg
Braavosi Captain,male,NA,NA,NA
Braavosi Theatre Server,male,NA,NA,NA
Braavosi Theatre Sound Artist,male,NA,NA,NA
Bran Stark,male,Stark,NA,https://images-na.ssl-images-amazon.com/images/M/MV5BMTA1NTg0NTI3MTBeQTJeQWpwZ15BbWU3MDEyNjg4OTQ@._V1._SX100_SY140_.jpg
Brant,male,NA,NA,NA
Bronn,male,NA,NA,https://images-na.ssl-images-amazon.com/images/M/MV5BMTY0MzI5MjY1OV5BMl5BanBnXkFtZTcwODM1ODg4OQ@@._V1._SX100_SY140_.jpg
Brothel Customer,male,NA,NA,NA
Brothel Guard,male,NA,NA,NA
Brother Ray,male,NA,Lem Lemoncloak,https://images-na.ssl-images-amazon.com/images/M/MV5BMTAwNjU5MTY3NzleQTJeQWpwZ15BbWU4MDIwODkwMTkx._V1._SX100_SY140_.jpg
Brusco,male,NA,NA,NA
Brynden Tully,male,Tully,NA,https://images-na.ssl-images-amazon.com/images/M/MV5BOTg5ZDIwOWUtMjQ1OS00YjgxLThmMDgtOWUwZjQ4MzE3ZDhlXkEyXkFqcGdeQXVyMjk3NTUyOTc@._V1._SX100_SY140_.jpg
Camello,male,NA,NA,NA
Captain of the Archers,male,NA,NA,NA
Catspaw Assassin,male,NA,Summer,NA
Citadel Maester,male,NA,NA,https://images-na.ssl-images-amazon.com/images/M/MV5BMTg3NDA1Nzc5Nl5BMl5BanBnXkFtZTgwMjIwNTgyOTE@._V1._SX100_SY140_.jpg
Clarenzo,male,NA,NA,NA
Cley Cerwyn,male,NA,NA,NA
Colen of Greenpools,male,NA,NA,NA
Cooper,male,NA,NA,NA
Craster,male,NA,Karl Tanner,https://images-na.ssl-images-amazon.com/images/M/MV5BMzZiNjZiMGItNTQ2Yi00MGU3LWFjMTktNzlmNDFlYzA3MjY3XkEyXkFqcGdeQXVyMjk3NTUyOTc@._V1._SX100_SY140_.jpg
Daario Naharis,male,NA,NA,https://images-na.ssl-images-amazon.com/images/M/MV5BY2ExMDJmNzMtMDVmZi00MDNlLWI1NzYtOTkxOTdlOWU4YzE4XkEyXkFqcGdeQXVyNTcxMzMwNTA@._V1._SX100_SY140_.jpg
Dagmer Cleftjaw,male,NA,NA,https://images-na.ssl-images-amazon.com/images/M/MV5BYWRlYzI5ZTQtODU0My00MWUyLWExNTMtNGQ4OTIwYzE2YzFiXkEyXkFqcGdeQXVyMjk3NTUyOTc@._V1._SX100_SY140_.jpg
Davos Seaworth,male,NA,NA,https://images-na.ssl-images-amazon.com/images/M/MV5BNTMwODc0NzI4Ml5BMl5BanBnXkFtZTcwNzY3NDk4OQ@@._V1._SX100_SY140_.jpg
Denys Mallister,male,NA,NA,NA
Derek,male,NA,NA,NA
Desmond Crakehall,male,NA,NA,NA
Despondent Man,male,NA,NA,NA
Dickon Tarly,male,NA,Daenerys Targaryen,https://images-na.ssl-images-amazon.com/images/M/MV5BNzk1YjNlZGQtNTU0MC00OGZmLThhYTQtZDM1ZjI2OGNlZGQxXkEyXkFqcGdeQXVyMjk3NTUyOTc@._V1._SX100_SY140_.jpg
Dim Dalba,male,NA,NA,NA
Dongo the Giant,male,NA,Night's Watchman,https://images-na.ssl-images-amazon.com/images/M/MV5BNTRjNGYxNWItYmRhNS00MDY3LWFmZTItMzYzNTEwMjg3YTA1XkEyXkFqcGdeQXVyNDUzOTQ5MjY@._V1._SX100_SY140_.jpg
Donnel Hill,male,NA,NA,NA
Donnel Waynwood,male,NA,NA,NA
Dontos Hollard,male,NA,Petyr Baelish,https://images-na.ssl-images-amazon.com/images/M/MV5BNzUzYzg5NGUtOWE5Zi00Y2MwLTg2YzQtMDZlOWE1NDZjZmFkXkEyXkFqcGdeQXVyMjk3NTUyOTc@._V1._SX100_SY140_.jpg
Doran Martell,male,Martell,Ellaria Sand,https://images-na.ssl-images-amazon.com/images/M/MV5BZWU5NzJkNWMtYTM4MS00YmE2LWExYmItNDNiOTE3YzI5YzAxXkEyXkFqcGdeQXVyNDUzOTQ5MjY@._V1._SX100_SY140_.jpg
Dornish Lord,male,NA,NA,NA
Dothraki Bloodrider #1,male,NA,Daenerys Targaryen,https://images-na.ssl-images-amazon.com/images/M/MV5BMTQ2Mzk1MzczMl5BMl5BanBnXkFtZTgwNDQyODAxODE@._V1._SX100_SY140_.jpg
Dothraki Bloodrider #2,male,NA,Daenerys Targaryen,https://images-na.ssl-images-amazon.com/images/M/MV5BMTQ2Mzk1MzczMl5BMl5BanBnXkFtZTgwNDQyODAxODE@._V1._SX100_SY140_.jpg
Dothraki Man Having Sex,male,NA,NA,NA
Drennan,male,NA,Osha,NA
Drogon,male,Targaryen,NA,NA
Drowned Priest,male,NA,NA,https://images-na.ssl-images-amazon.com/images/M/MV5BOGEwMjRhYzgtYjY1YS00MjhlLTllYjYtNWQzOGQxOTE3ZDczXkEyXkFqcGdeQXVyMjk3NTUyOTc@._V1._SX100_SY140_.jpg
Dwarf Hunter #1,male,NA,NA,NA
Dwarf Hunter #2,male,NA,NA,NA
Eddard Stark,male,Stark,Ilyn Payne,https://images-na.ssl-images-amazon.com/images/M/MV5BODcwMjg0MDQ5MF5BMl5BanBnXkFtZTcwMTk2NDk4OQ@@._V1._SX100_SY140_.jpg
Eddison Tollett,male,NA,Wight,https://images-na.ssl-images-amazon.com/images/M/MV5BMTY1MjQ4ODAwNV5BMl5BanBnXkFtZTcwMTc5NDk4OQ@@._V1._SX100_SY140_.jpg
Edmure Tully,male,Tully,NA,https://images-na.ssl-images-amazon.com/images/M/MV5BYjEzNThlMmQtMDgzYi00MTQ5LTllMzQtNDZjY2JiMTVhNmNkXkEyXkFqcGdeQXVyMjk3NTUyOTc@._V1._SX100_SY140_.jpg
Elder Meereen Slave,male,NA,NA,NA
Eldrick Sarsfield,male,NA,NA,NA
Euron Greyjoy,male,Greyjoy,Jaime Lannister,https://images-na.ssl-images-amazon.com/images/M/MV5BNzg1MTJhMjMtMmY4Yy00NTU2LTliZWUtNjM4YzAxY2M3ZDBkXkEyXkFqcGdeQXVyMjk3NTUyOTc@._V1._SX100_SY140_.jpg
Eyrie Guard,male,NA,NA,NA
Faceless Man,male,NA,NA,"https://images-na.ssl-images-amazon.com/images/M/MV5BMjI4ODYxODI0MF5BMl5BanBnXkFtZTgwMDk4NDY0NTE@._V1_UX214_CR0,0,214,317_AL_.jpg"
Faith Militant #1,male,NA,NA,NA
Faith Militant #2,male,NA,NA,NA
Farlen,male,NA,NA,NA
Farmer Hamlet,male,NA,NA,NA
Fennesz,male,NA,NA,NA
Fergus,male,NA,NA,NA
First Mate,male,NA,NA,NA
Frey Guard,male,NA,NA,NA
Frey Soldier #1,male,NA,NA,NA
Frey Soldier #2,male,NA,NA,NA
Fruit Vendor,male,NA,NA,NA
Gared,male,NA,White Walker,https://images-na.ssl-images-amazon.com/images/M/MV5BNGYxZjljZTctZjIxYy00YmUwLTk3MDgtZWIyZjhkNDgwYTZiXkEyXkFqcGdeQXVyMjk3NTUyOTc@._V1._SX100_SY140_.jpg
Gatins,male,NA,Sandor Clegane,https://images-na.ssl-images-amazon.com/images/M/MV5BNzIwZmJkNDktZWMwMC00ZGNlLWJkNWYtN2ZmOWEzNDFiNWMyXkEyXkFqcGdeQXVyMjk3NTUyOTc@._V1._SX100_SY140_.jpg
Gendry,male,Baratheon,NA,https://images-na.ssl-images-amazon.com/images/M/MV5BMTcxNzYwMTk4MV5BMl5BanBnXkFtZTcwNDg1ODg4OQ@@._V1._SX100_SY140_.jpg
Gerard,male,NA,NA,NA
Gerold Hightower,male,NA,Eddard Stark,https://images-na.ssl-images-amazon.com/images/M/MV5BODc3OTIzYmEtYjk2Yy00NTgwLTk4OWMtMjlmMmJmNDE5OGU2XkEyXkFqcGdeQXVyNjU5MTM2ODI@._V1._SX100_SY140_.jpg
Ghost,male,Stark,NA,NA
Goatherd,male,NA,NA,NA
Goatherd's Son,male,NA,NA,NA
Goldcloak,male,NA,NA,NA
Goldcloak,male,NA,NA,NA
Gordy,male,NA,NA,NA
Grand Maester Pycelle,male,NA,Little Birds,https://images-na.ssl-images-amazon.com/images/M/MV5BMjEyNDA4MzQ3MF5BMl5BanBnXkFtZTcwNTM3ODg4OQ@@._V1._SX100_SY140_.jpg
Great Master #1,male,NA,Rebel Slaves/Viserion/Rhaegal,NA
Great Master #2,male,NA,NA,NA
Great Master #3,male,NA,NA,NA
Great Master #4,male,NA,NA,NA
Great Master #5,male,NA,NA,NA
Great Master #6,male,NA,NA,NA
Great Master #7,male,NA,NA,NA
Greatjon Umber,male,NA,NA,https://images-na.ssl-images-amazon.com/images/M/MV5BN2VjMTM4OTItMDUxMi00N2NiLThhMWMtNGNhMDQ4OGJhOWU0XkEyXkFqcGdeQXVyMjk3NTUyOTc@._V1._SX100_SY140_.jpg
Gregor Clegane,male,NA,Sandor Clegane,https://images-na.ssl-images-amazon.com/images/M/MV5BMTU3OTg2MTM2MF5BMl5BanBnXkFtZTcwNDk1NzE5OQ@@._V1._SX100_SY140_.jpg
Greizhen mo Ullhor,male,NA,Unsullied,https://images-na.ssl-images-amazon.com/images/M/MV5BMmYwNjBkZDItZmQyNi00MjhiLWFhMjYtNzk3YWJmMzJhZTFkXkEyXkFqcGdeQXVyMjg2MTMyNTM@._V1._SX100_SY140_.jpg
Grenn,male,NA,Mag the Mighty,https://images-na.ssl-images-amazon.com/images/M/MV5BMzkzOTI0NjM3MV5BMl5BanBnXkFtZTcwMTY3ODg4OQ@@._V1._SX100_SY140_.jpg
Grey Wind,male,Stark,Frey Crossbowmen,NA
Grey Worm,male,NA,NA,https://images-na.ssl-images-amazon.com/images/M/MV5BMjk3ZDJlNTQtZDBiMC00ODVhLTlmYmYtYzkxMDA0N2QxNDY0XkEyXkFqcGdeQXVyMjk3NTUyOTc@._V1._SX100_SY140_.jpg
Guymon,male,NA,NA,NA
Hallyne,male,NA,NA,https://images-na.ssl-images-amazon.com/images/M/MV5BMDg4YzNjMzMtYzk4OS00NTEwLWE1NWItYjMyODViNTQ4YmUxXkEyXkFqcGdeQXVyMjk3NTUyOTc@._V1._SX100_SY140_.jpg
Harald Karstark,male,NA,NA,https://images-na.ssl-images-amazon.com/images/M/MV5BNTE4OTIwNWQtZjNkOC00MzhhLThhYzQtMmU1OTFiZGU3YzMzXkEyXkFqcGdeQXVyMjk3NTUyOTc@._V1._SX100_SY140_.jpg
Harrag,male,NA,NA,NA
Harry Strickland,male,NA,Grey Worm,https://images-na.ssl-images-amazon.com/images/M/MV5BZGVkZjRkMzUtMzgzYy00YzcyLThhZmMtNDMxMGNmNGRmNWQyXkEyXkFqcGdeQXVyNDgzNTg0OTA@._V1._SX100_SY140_.jpg
Henk,male,NA,NA,NA
High Septon,male,NA,Kings Landing Rioters,NA
High Septon,male,NA,NA,https://images-na.ssl-images-amazon.com/images/M/MV5BNDYyYTc3OTgtMmE1Mi00NDVmLWIyNjYtOTIwNDAyYmVmN2E5XkEyXkFqcGdeQXVyMjk3NTUyOTc@._V1._SX100_SY140_.jpg
High Sparrow,male,NA,Cersei Lannister,https://images-na.ssl-images-amazon.com/images/M/MV5BMTcyOTk0MjExMF5BMl5BanBnXkFtZTgwODk5Njk5NzE@._V1._SX100_SY140_.jpg
Hizdahr zo Loraq,male,NA,Sons of the Harpy,https://images-na.ssl-images-amazon.com/images/M/MV5BNWQ4YjdmZjItYmExNi00YmNlLWJjZmYtNWEwMmEzNGFjYmFjXkEyXkFqcGdeQXVyMjk3NTUyOTc@._V1._SX100_SY140_.jpg
Hodor,male,NA,Wights,https://images-na.ssl-images-amazon.com/images/M/MV5BMjEzMzU4MDEyNF5BMl5BanBnXkFtZTcwNDM2ODg4OQ@@._V1._SX100_SY140_.jpg
Hog Farmer,male,NA,NA,NA
Hoster Tully,male,Tully,NA,https://images-na.ssl-images-amazon.com/images/M/MV5BNTY3YzMzOWUtNzNjYi00ODYzLThjNjUtNzc4NzFlNmE2NjgyXkEyXkFqcGdeQXVyMjk3NTUyOTc@._V1._SX100_SY140_.jpg
Hot Pie,male,NA,NA,https://images-na.ssl-images-amazon.com/images/M/MV5BOTQyNTI4NDg4M15BMl5BanBnXkFtZTcwNDk4NDk4OQ@@._V1._SX100_SY140_.jpg
Howland Reed,male,NA,NA,https://images-na.ssl-images-amazon.com/images/M/MV5BOTdkNjRkMTAtZGMwOS00OTA4LWE5NzktNDIyOTNiOTM0ZjkxXkEyXkFqcGdeQXVyMjk3NTUyOTc@._V1._SX100_SY140_.jpg
Hugh of the Vale,male,NA,Gregor Clegane,https://images-na.ssl-images-amazon.com/images/M/MV5BODRhNGQwNDgtNDEwNS00MWRlLWJmZTQtMTJlNjNmZTI1ZDk5XkEyXkFqcGdeQXVyMjk3NTUyOTc@._V1._SX100_SY140_.jpg
Iggo,male,NA,NA,NA
Illyrio Mopatis,male,NA,NA,https://images-na.ssl-images-amazon.com/images/M/MV5BMzM1OWY0ZmUtNWM5Ny00NzgzLWFhMmUtOWY1Njc3NmNkZmM1XkEyXkFqcGdeQXVyMjk3NTUyOTc@._V1._SX100_SY140_.jpg
Ilyn Payne,male,NA,NA,https://images-na.ssl-images-amazon.com/images/M/MV5BOGY5ZGE1OGUtODYwNS00OTVlLWE1MWItMzI5NDBmYWIwZTI4XkEyXkFqcGdeQXVyMjk3NTUyOTc@._V1._SX100_SY140_.jpg
Innkeeper,male,NA,NA,NA
Ironborn #1,male,NA,NA,NA
Ironborn #2,male,NA,NA,NA
Ironborn #3,male,NA,NA,NA
Ironborn Abusing a Volantene Whore,male,NA,NA,NA
Ironborn at Brothel,male,NA,NA,NA
Ironborn in Skiff,male,NA,NA,NA
Izembaro,male,NA,NA,https://images-na.ssl-images-amazon.com/images/M/MV5BN2NkZmFkMmItNzhiMy00ZTJkLThjM2YtNzBhMzU0ZmJkZjI4XkEyXkFqcGdeQXVyMjk3NTUyOTc@._V1._SX100_SY140_.jpg
Jacks,male,NA,NA,NA
Jafer Flowers,male,NA,White Walker,NA
Jaime Lannister,male,Lannister,Roof collapse,https://images-na.ssl-images-amazon.com/images/M/MV5BMjIzMzU1NjM1MF5BMl5BanBnXkFtZTcwMzIxODg4OQ@@._V1._SX100_SY140_.jpg
Janos Slynt,male,NA,Jon Snow,https://images-na.ssl-images-amazon.com/images/M/MV5BNGUwMzllZGEtZjdkZi00NTgwLTgxY2UtODFhZjZlZDNmN2ZkXkEyXkFqcGdeQXVyMjk3NTUyOTc@._V1_SY100_SX100_AL_.jpg
Jaqen H'ghar,male,NA,NA,https://images-na.ssl-images-amazon.com/images/M/MV5BMTA1MjI5MzYwNzNeQTJeQWpwZ15BbWU3MDkxNDcxOTk@._V1._SX100_SY140_.jpg
Jaqen's Disguise,male,NA,NA,NA
Jaremy Rykker,male,NA,NA,https://images-na.ssl-images-amazon.com/images/M/MV5BMjg4YjRmMDYtZjcyMS00YjM3LTg4OWQtZTg2MDFiZTJkZDIwXkEyXkFqcGdeQXVyMjk3NTUyOTc@._V1._SX100_SY140_.jpg
Jeor Mormont,male,Mormont,Rast,https://images-na.ssl-images-amazon.com/images/M/MV5BODAwODYyNzk0NV5BMl5BanBnXkFtZTcwNDI2NDk4OQ@@._V1._SX100_SY140_.jpg
Joffrey Baratheon,male,Baratheon,Petyr Baelish/Olenna Tyrell,https://images-na.ssl-images-amazon.com/images/M/MV5BMTk1NDg5MTAwMl5BMl5BanBnXkFtZTcwOTIwODg4OQ@@._V1._SX100_SY140_.jpg
Jojen Reed,male,NA,Meera Reed,https://images-na.ssl-images-amazon.com/images/M/MV5BMTg0OTU4MTk4M15BMl5BanBnXkFtZTcwMTE4MTE5OQ@@._V1._SX100_SY140_.jpg
Jon Arryn,male,NA,Lysa Arryn,https://images-na.ssl-images-amazon.com/images/M/MV5BYmJiMzVjYzEtODA2ZC00NTkwLWI1ZDEtNDUxM2Y1NzcxZjU0XkEyXkFqcGdeQXVyNDUzOTQ5MjY@._V1._SX100_SY140_.jpg
Jon Snow,male,Stark,Alliser Thorne/Othell Yarwyck/Bowen Marsh/Olly,https://images-na.ssl-images-amazon.com/images/M/MV5BMTkwMjUxMDk2OV5BMl5BanBnXkFtZTcwMzg3MTg4OQ@@._V1._SX100_SY140_.jpg
Jonos Bracken,male,NA,NA,NA
Jorah Mormont,male,Mormont,Wights,"https://images-na.ssl-images-amazon.com/images/M/MV5BMTkzNTcxMDI2NV5BMl5BanBnXkFtZTcwMzgxNzI4OQ@@._V1._CR225,437,407,405._SX100_SY140_.jpg"
Jory Cassel,male,NA,Jaime Lannister,https://images-na.ssl-images-amazon.com/images/M/MV5BZTg3OGE5MDktNmYxOS00YmFiLWFjMDYtMTBkMjlhYWJhZjYzXkEyXkFqcGdeQXVyMjk3NTUyOTc@._V1._SX100_SY140_.jpg
Joss,male,NA,NA,NA
Karl Tanner,male,NA,Jon Snow,https://images-na.ssl-images-amazon.com/images/M/MV5BNDEwZGVlODEtM2VhNC00ZjJmLTlmMjAtNzBlNTdmOTcwZGY2XkEyXkFqcGdeQXVyMjk3NTUyOTc@._V1._SX100_SY140_.jpg
Karstark Lookout,male,NA,NA,NA
Kegs,male,NA,Wildling,NA
Kesh,male,NA,NA,NA
Kevan Lannister,male,Lannister,Cersei Lannister,https://images-na.ssl-images-amazon.com/images/M/MV5BMjZkMzliOWYtODIwNS00ZTU2LWIxNTAtYjFlNTA1YjdhNzc4XkEyXkFqcGdeQXVyMjk3NTUyOTc@._V1._SX100_SY140_.jpg
Kevin Eldon,male,NA,NA,NA
Khal Brozho,male,NA,NA,NA
Khal Drogo,male,NA,Daenerys Targaryen,https://images-na.ssl-images-amazon.com/images/M/MV5BMTQzMTE2MjczM15BMl5BanBnXkFtZTcwMDA5NDk4OQ@@._V1._SX100_SY140_.jpg
Khal Forzho,male,NA,NA,NA
Khal Moro,male,NA,Daenerys Targaryen,https://images-na.ssl-images-amazon.com/images/M/MV5BN2ZkODIwY2MtNzViYS00NDEwLWE2ZjItZDFiMzg1MWVjMzQwXkEyXkFqcGdeQXVyMjk3NTUyOTc@._V1._SX100_SY140_.jpg
Khal Qorro,male,NA,NA,NA
Khal Rhalko,male,NA,Daenerys Targaryen,https://images-na.ssl-images-amazon.com/images/M/MV5BYTFkMWRiMDItN2Q2Ny00N2VlLWIxMzYtZDMwODkwNDE4ZTYyXkEyXkFqcGdeQXVyMTk0NzA0Njg@._V1._SX100_SY140_.jpg
King Balon Greyjoy Dwarf,male,NA,NA,NA
King Joffrey Baratheon Dwarf,male,NA,NA,NA
King Renly Baratheon Dwarf,male,NA,NA,NA
King Robb Stark Dwarf,male,NA,NA,NA
King Stannis Baratheon Dwarf,male,NA,NA,NA
King's Landing Baker,male,NA,NA,NA
King's Landing Boaster,male,NA,NA,NA
King's Landing Drunkard,male,NA,NA,NA
King's Landing Flasher #1,male,NA,NA,NA
King's Landing Flasher #2,male,NA,NA,NA
King's Landing Rioter #1,male,NA,Sandor Clegane,NA
King's Landing Rioter #2,male,NA,Sandor Clegane,NA
King's Landing Rioter #3,male,NA,Sandor Clegane,NA
King's Landing Tailor,male,NA,NA,NA
Koner,male,NA,NA,NA
Kovarro,male,NA,NA,https://images-na.ssl-images-amazon.com/images/M/MV5BZjRmMzgyY2QtMzNmYy00NmRhLWIxNzItOGEwOWU2MzA5YjUwXkEyXkFqcGdeQXVyMjk3NTUyOTc@._V1._SX100_SY140_.jpg
Kraznys mo Nakloz,male,NA,Drogon,https://images-na.ssl-images-amazon.com/images/M/MV5BMWIzZGY0NWUtMmM1OC00NDYzLTkxMjYtM2I1MGM5MTkzODMwXkEyXkFqcGdeQXVyMjk3NTUyOTc@._V1._SX100_SY140_.jpg
Lancel Lannister,male,Lannister,Cersei Lannister,https://images-na.ssl-images-amazon.com/images/M/MV5BMjI0MTQ5MzEzNV5BMl5BanBnXkFtZTgwNTQ4MDA2NTE@._V1._SX100_SY140_.jpg
Lannister Captain,male,NA,NA,NA
Lannister Captain,male,NA,NA,NA
Lannister Guard,male,NA,NA,NA
Lannister Guard #1,male,NA,NA,NA
Lannister Guard #2,male,NA,NA,NA
Lannister Messenger,male,NA,NA,NA
Lannister Scout,male,NA,NA,NA
Lannister Soldier,male,NA,NA,NA
Laurence Spellman,male,NA,NA,NA
Lead Dornish Guard,male,NA,Bronn,https://images-na.ssl-images-amazon.com/images/M/MV5BMTYwMzM5ODM3OV5BMl5BanBnXkFtZTgwMjU1ODg2NTE@._V1._SX100_SY140_.jpg
Lead Kingsguard,male,NA,NA,NA
Lem Lemoncloak,male,NA,Sandor Clegane,https://images-na.ssl-images-amazon.com/images/M/MV5BZWYxOGUwODAtZmY0MS00OTFkLWI0YTUtZTkxNjI1ZjE1YmJhXkEyXkFqcGdeQXVyMjk3NTUyOTc@._V1._SX100_SY140_.jpg
Leo Lefford,male,NA,NA,NA
Little Bird,male,NA,NA,NA
Little Bird,male,NA,NA,NA
Little Bird #3,male,NA,NA,NA
Little Bird #4,male,NA,NA,NA
Little Bird #5,male,NA,NA,NA
Little Bird #6,male,NA,NA,NA
Little Bird #7,male,NA,NA,NA
Loboda,male,NA,White Walker,https://images-na.ssl-images-amazon.com/images/M/MV5BMDU5NzIxYzQtNDExMi00YTljLThiNjItMWIxNDEwZTJhNjZkXkEyXkFqcGdeQXVyMjk3NTUyOTc@._V1._SX100_SY140_.jpg
Locke,male,NA,Hodor,https://images-na.ssl-images-amazon.com/images/M/MV5BOTg1MDM2ODE0MF5BMl5BanBnXkFtZTcwNzM4MzA0OQ@@._V1._SX100_SY140_.jpg
Lommy Greenhands,male,NA,Polliver,https://images-na.ssl-images-amazon.com/images/M/MV5BMTg2MWUxMzYtMTAxNy00M2MzLTk5N2QtOTY1ZTE1ZGE2OTU4XkEyXkFqcGdeQXVyMjk3NTUyOTc@._V1._SX100_SY140_.jpg
Loras Tyrell,male,Tyrell,Cersei Lannister,https://images-na.ssl-images-amazon.com/images/M/MV5BNzcwNDAxZGMtODU1Mi00YzA2LWJhMzYtN2FjZjg2YWZlMTQ4XkEyXkFqcGdeQXVyMjk3NTUyOTc@._V1._SX100_SY140_.jpg
Lord #1,male,NA,NA,NA
Lord #2,male,NA,NA,NA
Lord #3,male,NA,NA,NA
Lord #4,male,NA,NA,NA
Lord Blackmont,male,NA,NA,NA
Lord Portan,male,NA,NA,NA
Lord Varys,male,NA,Daenerys Targaryen,https://images-na.ssl-images-amazon.com/images/M/MV5BMTkzNDk2MjczM15BMl5BanBnXkFtZTcwODk0ODg4OQ@@._V1._SX100_SY140_.jpg
Lordsport Dockhand,male,NA,NA,NA
Lothar Frey,male,Frey,Arya Stark,https://images-na.ssl-images-amazon.com/images/M/MV5BMDc0NDA3YmYtZTNjYi00ZDExLWE2NTUtNzk5NjI3MGI3NzM0XkEyXkFqcGdeQXVyMjk3NTUyOTc@._V1._SX100_SY140_.jpg
Loyal Night's Watchman #1,male,NA,NA,NA
Loyal Night's Watchman #2,male,NA,NA,NA
Mace Tyrell,male,Tyrell,Cersei Lannister,https://images-na.ssl-images-amazon.com/images/M/MV5BNTcyZWFjZjItYmI4NS00ZDE2LTg4Y2YtYWJkYWI5MWJlNWFjXkEyXkFqcGdeQXVyMjk3NTUyOTc@._V1._SX100_SY140_.jpg
Maester Aemon,male,Targaryen,Old Age,https://images-na.ssl-images-amazon.com/images/M/MV5BMjI4NDY4MzI5NV5BMl5BanBnXkFtZTcwMTk0ODg5NA@@._V1._SX100_SY140_.jpg
Maester Caleotte,male,NA,NA,NA
Maester Cressen,male,NA,Maester Cressen,https://images-na.ssl-images-amazon.com/images/M/MV5BYjFmNDZjM2YtMGRkMy00NWM2LThjNWUtYzFkZGRjMjk0YWZlXkEyXkFqcGdeQXVyMjk3NTUyOTc@._V1._SX100_SY140_.jpg
Maester Luwin,male,NA,Osha,https://images-na.ssl-images-amazon.com/images/M/MV5BYjk0MmZiNmUtMTljMy00MmY1LTg1ODgtY2FkMjczMjI4ZWQzXkEyXkFqcGdeQXVyMjk3NTUyOTc@._V1._SX100_SY140_.jpg
Maester Sandhu,male,NA,NA,NA
Maester Wolkan,male,NA,NA,NA
Mag the Mighty,male,NA,Grenn/Donnel Hill/Cooper,https://images-na.ssl-images-amazon.com/images/M/MV5BMDI5NjYzMDMtMmNkOC00MDA4LWI1OTctN2EzYzQ2ZmNiZWYwXkEyXkFqcGdeQXVyNDUzOTQ5MjY@._V1._SX100_SY140_.jpg
Mag the Mighty Wight,male,NA,NA,NA
Mago,male,NA,Khal Drogo,https://images-na.ssl-images-amazon.com/images/M/MV5BNjdmM2ZlMTQtOGRlMy00NzAyLWE0MWYtM2JiMjNlNjA3MDU2XkEyXkFqcGdeQXVyMjg2MTMyNTM@._V1._SX100_SY140_.jpg
Malko,male,NA,NA,https://images-na.ssl-images-amazon.com/images/M/MV5BZmUwYTA2YjUtZWU5Zi00OTY1LTlhYjMtOGRhMDZlNTEyOTEzXkEyXkFqcGdeQXVyMjk3NTUyOTc@._V1._SX100_SY140_.jpg
Mallister Supporter,male,NA,NA,NA
Man of the Nightswatch,male,NA,NA,NA
Mance Rayder,male,NA,Melisandre/Jon Snow,https://images-na.ssl-images-amazon.com/images/M/MV5BMTU3NzQyNjAwNF5BMl5BanBnXkFtZTcwODcyMTEwOQ@@._V1._SX100_SY140_.jpg
Mandon Moore,male,NA,Podrick Payne,NA
Manservant,male,NA,NA,NA
Marillion,male,NA,NA,https://images-na.ssl-images-amazon.com/images/M/MV5BNDVlZmU0NmYtOGM1MS00N2E0LTgxYTYtNTBhZDk1ZTM4M2ViXkEyXkFqcGdeQXVyMjk3NTUyOTc@._V1._SX100_SY140_.jpg
Martyn Lannister,male,Lannister,Rickard Karstark,NA
Master Torturer,male,NA,NA,NA
Matthos Seaworth,male,NA,Bronn,https://images-na.ssl-images-amazon.com/images/M/MV5BMTBlYmZlMGEtMzg5Yy00OGFjLWE3Y2MtNjc2NTViN2ExNzM3XkEyXkFqcGdeQXVyMjg2MTMyNTM@._V1._SX100_SY140_.jpg
Merchant Captain,male,NA,Obara Sand,NA
Mero,male,NA,Daario Naharis,https://images-na.ssl-images-amazon.com/images/M/MV5BZmUzODdkZTQtOTAxZC00MjI5LWFmZjctZDYyYTVlNzMxMjdiXkEyXkFqcGdeQXVyMjk3NTUyOTc@._V1._SX100_SY140_.jpg
Meryn Trant,male,NA,Arya Stark,https://images-na.ssl-images-amazon.com/images/M/MV5BNTVjYTRhZWMtM2QwOC00MmYyLTk3ZjAtYmI1ZTlhNmQ3NzE0XkEyXkFqcGdeQXVyMjk3NTUyOTc@._V1._SX100_SY140_.jpg
Mord,male,NA,NA,https://images-na.ssl-images-amazon.com/images/M/MV5BOGIzMmRlOWEtMjUwYy00OGM1LTkwNDEtZTlmODNkMWY4MWU3XkEyXkFqcGdeQXVyMjk3NTUyOTc@._V1._SX100_SY140_.jpg
Morgan,male,NA,NA,NA
Morgan's Friend,male,NA,NA,NA
Mossador,male,NA,Daario Naharis,https://images-na.ssl-images-amazon.com/images/M/MV5BMGYxZjVkOGEtMWI0NS00ODc3LTlkMzUtMGFkNzJlMDc1MGY4XkEyXkFqcGdeQXVyMjk3NTUyOTc@._V1._SX100_SY140_.jpg
Mully,male,NA,NA,NA
Mummer #2,male,NA,NA,NA
Mummer #3,male,NA,NA,NA
Mummer #4,male,NA,NA,NA
Musician #1,male,NA,NA,https://images-na.ssl-images-amazon.com/images/M/MV5BODA5NjA3ODY1NF5BMl5BanBnXkFtZTgwNzA5ODY2MTE@._V1._SX100_SY140_.jpg
Musician #1,male,NA,NA,https://images-na.ssl-images-amazon.com/images/M/MV5BODA5NjA3ODY1NF5BMl5BanBnXkFtZTgwNzA5ODY2MTE@._V1._SX100_SY140_.jpg
Musician #2,male,NA,NA,https://images-na.ssl-images-amazon.com/images/M/MV5BODA5NjA3ODY1NF5BMl5BanBnXkFtZTgwNzA5ODY2MTE@._V1._SX100_SY140_.jpg
Musician #2,male,NA,NA,https://images-na.ssl-images-amazon.com/images/M/MV5BODA5NjA3ODY1NF5BMl5BanBnXkFtZTgwNzA5ODY2MTE@._V1._SX100_SY140_.jpg
Musician #3,male,NA,NA,https://images-na.ssl-images-amazon.com/images/M/MV5BODA5NjA3ODY1NF5BMl5BanBnXkFtZTgwNzA5ODY2MTE@._V1._SX100_SY140_.jpg
Musician #3,male,NA,NA,https://images-na.ssl-images-amazon.com/images/M/MV5BODA5NjA3ODY1NF5BMl5BanBnXkFtZTgwNzA5ODY2MTE@._V1._SX100_SY140_.jpg
Musician #4,male,NA,NA,https://images-na.ssl-images-amazon.com/images/M/MV5BODA5NjA3ODY1NF5BMl5BanBnXkFtZTgwNzA5ODY2MTE@._V1._SX100_SY140_.jpg
Musician #5,male,NA,NA,https://images-na.ssl-images-amazon.com/images/M/MV5BODA5NjA3ODY1NF5BMl5BanBnXkFtZTgwNzA5ODY2MTE@._V1._SX100_SY140_.jpg
Mycah,male,NA,Sandor Clegane,https://images-na.ssl-images-amazon.com/images/M/MV5BMmE5NjdjMzktZTYwNy00MzdhLWI2MjktNTUwNjA4OTA4MTAxXkEyXkFqcGdeQXVyMjk3NTUyOTc@._V1._SX100_SY140_.jpg
Ned Umber,male,Umber,The Night King,NA
Newborn Bolton,male,NA,NA,NA
Night's Watchman,male,NA,NA,NA
Night's Watchman,male,NA,NA,NA
Night's Watchman,male,NA,NA,NA
Night's Watchman #1,male,NA,NA,NA
Night's Watchman #2,male,NA,NA,NA
Night's Watchman #2,male,NA,NA,NA
Northern Guard,male,NA,NA,NA
Northern Lord,male,NA,NA,NA
Northman Rioter,male,NA,NA,NA
Oberyn Martell,male,Martell,Gregor Clegane,https://images-na.ssl-images-amazon.com/images/M/MV5BZTJmYjViYjctYTU0My00NTJiLWE2YzUtOWZkNTg4MTZkZmEyXkEyXkFqcGdeQXVyMjk3NTUyOTc@._V1._SX100_SY140_.jpg
Old Man,male,NA,NA,NA
Olly,male,NA,Jon Snow,https://images-na.ssl-images-amazon.com/images/M/MV5BOWFiYTRlMzMtMmQzZC00Y2UxLTgzMzAtZGEzOTlkMGRiODBkXkEyXkFqcGdeQXVyMjk3NTUyOTc@._V1._SX100_SY140_.jpg
Olyvar,male,NA,NA,https://images-na.ssl-images-amazon.com/images/M/MV5BOTZiNDAwYzQtMGJkZi00OGM4LTg2OTgtNzFjZTM1ZGExMzNiXkEyXkFqcGdeQXVyMjk3NTUyOTc@._V1._SX100_SY140_.jpg
Orell,male,NA,Jon Snow,https://images-na.ssl-images-amazon.com/images/M/MV5BOTQ1NDAzODQtNzAzMy00MDRhLTkwMWItZTNmMWJmN2I5MTlmXkEyXkFqcGdeQXVyMjk3NTUyOTc@._V1._SX100_SY140_.jpg
Orphan Kid,male,NA,NA,NA
Othell Yarwyck,male,NA,Jon Snow,https://images-na.ssl-images-amazon.com/images/M/MV5BNDgzYzhkZWYtYTA3OS00ZTk5LTgwYTUtNThiMDFmNjBmZmIxXkEyXkFqcGdeQXVyMjk3NTUyOTc@._V1._SX100_SY140_.jpg
Othor,male,NA,White Walker/Jon Snow,NA
Oznak zo Pahl,male,NA,NA,NA
Petyr Baelish,male,NA,Arya Stark,https://images-na.ssl-images-amazon.com/images/M/MV5BMTQ1MjE3OTc3M15BMl5BanBnXkFtZTcwODgzODg4OQ@@._V1._SX100_SY140_.jpg
Pit Announcer,male,NA,NA,NA
Podrick Payne,male,NA,NA,https://images-na.ssl-images-amazon.com/images/M/MV5BNTU5NjczOTQyNl5BMl5BanBnXkFtZTcwMzMwNTk4OQ@@._V1._SX100_SY140_.jpg
Polliver,male,NA,Arya Stark,https://images-na.ssl-images-amazon.com/images/M/MV5BY2EwODU4ZGMtZGVkZi00ZjE4LTlhZTItNzNjNGZiM2UxZTc1XkEyXkFqcGdeQXVyMjk3NTUyOTc@._V1._SX100_SY140_.jpg
Prendahl na Ghezn,male,NA,Daario Naharis,https://images-na.ssl-images-amazon.com/images/M/MV5BYzkyZDYyNGYtNDEyNC00NTQ2LWI4N2MtNmM0YzcwOTc1ODRlXkEyXkFqcGdeQXVyMjg2MTMyNTM@._V1._SX100_SY140_.jpg
Protestor,male,NA,NA,NA
Pyat Pree,male,NA,Drogon/Viserion/Rhaegal,https://images-na.ssl-images-amazon.com/images/M/MV5BYmMzZmVkMTItNmY3Yy00MDU2LThmNTctOWJmYTNhMThhNTRlXkEyXkFqcGdeQXVyMjk3NTUyOTc@._V1._SX100_SY140_.jpg
Pypar,male,NA,Ygritte,https://images-na.ssl-images-amazon.com/images/M/MV5BNTFiNTIxY2MtY2ExOC00NjM1LTg0MGEtYzUzYzA0YzIyY2VjXkEyXkFqcGdeQXVyMjk3NTUyOTc@._V1._SX100_SY140_.jpg
Qhono,male,NA,NA,https://images-na.ssl-images-amazon.com/images/M/MV5BMGMwYjgwMGQtOGRlNC00NDg0LTliM2ItN2I1NzIxZmQ5YTU1XkEyXkFqcGdeQXVyMjk3NTUyOTc@._V1._SX100_SY140_.jpg
Qhorin Halfhand,male,NA,Jon Snow,https://images-na.ssl-images-amazon.com/images/M/MV5BODM1MzJmZmUtZWI2MS00YjliLWJhNTItZmMzNmQ1YzA0ZjlmXkEyXkFqcGdeQXVyMjk3NTUyOTc@._V1._SX100_SY140_.jpg
Qotho,male,NA,Jorah Mormont,https://images-na.ssl-images-amazon.com/images/M/MV5BOWFjY2Y4NTgtZjQ5OS00YjM0LWI3OTItMWYyM2QzYjQyODk1XkEyXkFqcGdeQXVyMjk3NTUyOTc@._V1._SX100_SY140_.jpg
Quent,male,NA,NA,NA
Qyburn,male,NA,Gregor Clegane,https://images-na.ssl-images-amazon.com/images/M/MV5BZGEzNDY2YjktMDM1ZS00MTI1LWEyYmMtNTdiMzczNmY4ZWEzXkEyXkFqcGdeQXVyMjk3NTUyOTc@._V1._SX100_SY140_.jpg
Rakharo,male,NA,Khal Jhaqo's Khalasar,https://images-na.ssl-images-amazon.com/images/M/MV5BNzU2OWU5YzQtMTM1YS00ZDBjLWJlOTUtODg5ZTJlNjU5MTIyXkEyXkFqcGdeQXVyMjk3NTUyOTc@._V1._SX100_SY140_.jpg
Ralf Kenning,male,NA,NA,NA
Ramsay Snow,male,Bolton,Ramsay Snow's Hounds,https://images-na.ssl-images-amazon.com/images/M/MV5BMzM5Nzk3NTU5N15BMl5BanBnXkFtZTgwNzczMjk5NTE@._V1._SX100_SY140_.jpg
Randyll Tarly,male,NA,Daenerys Targaryen,https://images-na.ssl-images-amazon.com/images/M/MV5BMjIwMTY0NTc4N15BMl5BanBnXkFtZTgwNTMyNzYwOTE@._V1._SX100_SY140_.jpg
Rast,male,NA,Ghost,https://images-na.ssl-images-amazon.com/images/M/MV5BYzI5NjQ3ZTctODgyYi00ZTZhLTk2M2EtM2E3MzYxNDBkMWU5XkEyXkFqcGdeQXVyMjk3NTUyOTc@._V1._SX100_SY140_.jpg
Rattleshirt,male,NA,Tormund Giantsbane,https://images-na.ssl-images-amazon.com/images/M/MV5BYzk1ZDA3YjktMWZhMi00MTA4LTk0YjItY2ZmMDRlZDY3MmM2XkEyXkFqcGdeQXVyMjk3NTUyOTc@._V1._SX100_SY140_.jpg
Razdal mo Eraz,male,NA,Grey Worm,https://images-na.ssl-images-amazon.com/images/M/MV5BODdjNzdkYWQtZmE1OS00YzcxLTljMTctNWZmMDI3OTAzZmZiXkEyXkFqcGdeQXVyMjk3NTUyOTc@._V1._SX100_SY140_.jpg
Red Keep Stableboy,male,NA,Arya Stark,https://images-na.ssl-images-amazon.com/images/M/MV5BZjA0NGQzMmQtZTdlMi00Y2Q5LWE1N2ItNGNhODdmZDAxZTg3XkEyXkFqcGdeQXVyMjg2MTMyNTM@._V1._SX100_SY140_.jpg
Reginald Lannister,male,NA,NA,NA
Renly Baratheon,male,Baratheon,Melisandre,https://images-na.ssl-images-amazon.com/images/M/MV5BNjA4OTE5MzcyOF5BMl5BanBnXkFtZTcwNDA1ODg5NA@@._V1._SX100_SY140_.jpg
Rennick,male,NA,NA,NA
Rhaegal,male,Targaryen,Euron Greyjoy,NA
Rhaegar Targaryen,male,Targaryen,Robert Baratheon,NA
Rhaego,male,NA,Mirri Maz Duur,NA
Rickard Karstark,male,NA,Robb Stark,https://images-na.ssl-images-amazon.com/images/M/MV5BM2IwZThkNjQtYzU2NS00ZTRiLWFjNDUtNTdmMGQ2ZmE5M2NmXkEyXkFqcGdeQXVyMjk3NTUyOTc@._V1._SX100_SY140_.jpg
Rickard Stark,male,Stark,Aerys II Targaryen,NA
Rickon Stark,male,Stark,Ramsay Snow,https://images-na.ssl-images-amazon.com/images/M/MV5BMWZiOGNjMDAtOTRlNi00MDJmLWEyMTMtOGEwZTM5ODJlNDAyXkEyXkFqcGdeQXVyMjk3NTUyOTc@._V1._SX100_SY140_.jpg
Riddell,male,NA,NA,NA
Riverlands Traveller,male,NA,NA,NA
Robb Stark,male,Stark,Roose Bolton,https://images-na.ssl-images-amazon.com/images/M/MV5BMjI2NDE1NzczNF5BMl5BanBnXkFtZTcwNjcwODg4OQ@@._V1._SX100_SY140_.jpg
Robert Baratheon,male,Baratheon,Boar,https://images-na.ssl-images-amazon.com/images/M/MV5BMzQwMDcwNzY5MF5BMl5BanBnXkFtZTcwMzIyMTE5OQ@@._V1._SX100_SY140_.jpg
Robett Glover,male,NA,NA,https://images-na.ssl-images-amazon.com/images/M/MV5BMDYwNzhkZjctMzdlOS00MTAxLWE3ODktOTc2ODczMmJmNjkwXkEyXkFqcGdeQXVyMjk3NTUyOTc@._V1._SX100_SY140_.jpg
Robin Arryn,male,NA,NA,https://images-na.ssl-images-amazon.com/images/M/MV5BNjBlNzE3YjEtMTcwYS00OTQxLTk1NjEtNGMwNzJhNWI2OGJjXkEyXkFqcGdeQXVyMjk3NTUyOTc@._V1._SX100_SY140_.jpg
Rodrik Cassel,male,NA,Theon Greyjoy,https://images-na.ssl-images-amazon.com/images/M/MV5BMTc4NDk5MjAwMF5BMl5BanBnXkFtZTcwNTk1NDk4OQ@@._V1._SX100_SY140_.jpg
Roose Bolton,male,Bolton,Ramsay Snow,https://images-na.ssl-images-amazon.com/images/M/MV5BMTQyMjE3MTExN15BMl5BanBnXkFtZTcwMTI3NDk4OQ@@._V1._SX100_SY140_.jpg
Rorge,male,NA,Arya Stark,https://images-na.ssl-images-amazon.com/images/M/MV5BZjE4Mjc3MTktMDYyOC00ZDVlLWJlNjMtYzFiMDFlYzg3MjJjXkEyXkFqcGdeQXVyMjk3NTUyOTc@._V1._SX100_SY140_.jpg
Royal Steward,male,NA,NA,NA
Ryger Rivers,male,NA,NA,NA
Sailor,male,NA,NA,NA
Salladhor Saan,male,NA,NA,https://images-na.ssl-images-amazon.com/images/M/MV5BMzIyNzg3MDktM2M3OS00YzUzLTk2ZjktMGMxY2Y5Y2IyMGVhXkEyXkFqcGdeQXVyMjk3NTUyOTc@._V1._SX100_SY140_.jpg
Samwell Tarly,male,NA,NA,https://images-na.ssl-images-amazon.com/images/M/MV5BMTQyODYyOTczMF5BMl5BanBnXkFtZTcwNjY0ODg4OQ@@._V1._SX100_SY140_.jpg
Sandor Clegane,male,NA,Sandor Clegane,https://images-na.ssl-images-amazon.com/images/M/MV5BMTQwMjEwNDQ1MF5BMl5BanBnXkFtZTcwMzAxODg4OQ@@._V1._SX100_SY140_.jpg
Second Son,male,NA,NA,NA
Sellsword #1,male,NA,NA,NA
Sellsword #2,male,NA,NA,NA
Septon,male,NA,NA,NA
Septon,male,NA,NA,NA
Ser Endrew Tarth,male,NA,NA,https://images-na.ssl-images-amazon.com/images/M/MV5BMjJmYzRlZTUtODkwNS00OTE4LTllYWUtOTdiMGQ1MTE2MTU4XkEyXkFqcGdeQXVyMjk3NTUyOTc@._V1._SX100_SY140_.jpg
Shagga,male,NA,NA,https://images-na.ssl-images-amazon.com/images/M/MV5BY2Y1YTI2YTMtY2E3Ny00OTliLTg2MWYtMTFlYWU3ZjAyYzFiXkEyXkFqcGdeQXVyMjk3NTUyOTc@._V1._SX100_SY140_.jpg
Shaggydog,male,Stark,Smalljon Umber,NA
Silk King,male,NA,Pyat Pree,https://images-na.ssl-images-amazon.com/images/M/MV5BYTA3YTFlMDAtNzIxNy00NGQzLWJlMjYtZGY3MjdmNThjMGIwXkEyXkFqcGdeQXVyMjk3NTUyOTc@._V1._SX100_SY140_.jpg
Simpson,male,NA,NA,NA
Singing Lannister Soldier,male,NA,NA,NA
Slaver,male,NA,NA,NA
Smalljon Umber,male,NA,Tormund Giantsbane,https://images-na.ssl-images-amazon.com/images/M/MV5BNzViODI3ZTctMjZmNC00MzBhLWIxNTgtMDAzMTQ5OWM3YjE2XkEyXkFqcGdeQXVyMjk3NTUyOTc@._V1._SX100_SY140_.jpg
Soldier Tom,male,NA,NA,NA
Son of the Harpy,male,NA,NA,NA
Sorcerer,male,NA,NA,NA
Sparring Boy,male,NA,NA,NA
Spice King,male,NA,Pyat Pree,https://images-na.ssl-images-amazon.com/images/M/MV5BYTA4NWE5ZDgtNjQ0Ni00YmUxLWJhZTgtOTRmY2U0YzI3YmE2XkEyXkFqcGdeQXVyMjk3NTUyOTc@._V1._SX100_SY140_.jpg
Stannis Baratheon,male,Baratheon,Brienne of Tarth,https://images-na.ssl-images-amazon.com/images/M/MV5BMjExNzY0NzI0NF5BMl5BanBnXkFtZTcwNjA2NDk4OQ@@._V1._SX100_SY140_.jpg
Stark Messenger,male,NA,NA,NA
Stark Soldier,male,NA,NA,NA
Steelshanks Walton,male,NA,NA,https://images-na.ssl-images-amazon.com/images/M/MV5BMjIxOWYwYTctNjFlMy00MmUyLWI4MWYtZjhkMzNhYjI5YzQ1XkEyXkFqcGdeQXVyMjk3NTUyOTc@._V1._SX100_SY140_.jpg
Steve,male,NA,NA,NA
Stevron Frey,male,Frey,NA,NA
Stiv,male,NA,Theon Greyjoy,https://images-na.ssl-images-amazon.com/images/M/MV5BYjFhYzE5NGYtMWM5Zi00YjAyLWI4YTktNDhhYTE1NGFhZjgwXkEyXkFqcGdeQXVyMjk3NTUyOTc@._V1._SX100_SY140_.jpg
Stone Man,male,NA,NA,NA
Street Tough #1,male,NA,NA,NA
Street Tough #2,male,NA,NA,NA
Street Urchin,male,NA,NA,NA
Strong Sam Stone,male,NA,NA,NA
Styr,male,NA,Jon Snow,https://images-na.ssl-images-amazon.com/images/M/MV5BMjAyNDM4Mjc1M15BMl5BanBnXkFtZTgwODQyMTg1MTE@._V1._SX100_SY140_.jpg
Summer,male,Stark,Wights,NA
Syrio Forel,male,NA,Meryn Trant,https://images-na.ssl-images-amazon.com/images/M/MV5BMjE2OTA3NDY5Nl5BMl5BanBnXkFtZTcwMDg0ODg5NA@@._V1._SX100_SY140_.jpg
Ternesio Terys,male,NA,NA,NA
The Bear,male,NA,NA,https://images-na.ssl-images-amazon.com/images/M/MV5BMzE0ODQyNzYtZjc4NC00ZmM5LWI5NTgtOTk2OWQ5NjY3ZmVkXkEyXkFqcGdeQXVyNDUzOTQ5MjY@._V1._SX100_SY140_.jpg
The Night King,male,NA,Arya Stark,https://images-na.ssl-images-amazon.com/images/M/MV5BY2ZjNmYyMjAtNGUwYi00N2JmLWEyMTYtMDM5YmM2MWFhMWFiXkEyXkFqcGdeQXVyNDUzOTQ5MjY@._V1._SX100_SY140_.jpg
The Tickler,male,NA,Jaqen H'ghar,https://images-na.ssl-images-amazon.com/images/M/MV5BNTRiZjdkNTctMzM3ZC00NDJjLWI1MjctNTdjZjFlYjNiOTMxXkEyXkFqcGdeQXVyMjg2MTMyNTM@._V1._SX100_SY140_.jpg
Thenn Warg,male,NA,Samwell Tarly,NA
Theon Greyjoy,male,Greyjoy,The Night King,https://images-na.ssl-images-amazon.com/images/M/MV5BMTM3ODUyOTY3N15BMl5BanBnXkFtZTcwNjI4MTg4OQ@@._V1._SX100_SY140_.jpg
Thin Man,male,NA,NA,NA
Thoros of Myr,male,NA,NA,https://images-na.ssl-images-amazon.com/images/M/MV5BMTYwNzc0MDUzNF5BMl5BanBnXkFtZTcwMDc1NzE5OQ@@._V1._SX100_SY140_.jpg
Three-Eyed Raven,male,NA,The Night King,https://images-na.ssl-images-amazon.com/images/M/MV5BOGI4NGRiNTUtM2ZlYy00ZjhlLWJlYWItMjgzNWIzYWQwZWY0XkEyXkFqcGdeQXVyMjk3NTUyOTc@._V1._SX100_SY140_.jpg
Timett,male,NA,NA,https://images-na.ssl-images-amazon.com/images/M/MV5BMTM5MjU1NzA1NF5BMl5BanBnXkFtZTcwOTA2Nzk1NQ@@._V1._SX100_SY140_.jpg
Tobho Mott,male,NA,NA,NA
Todder,male,NA,NA,NA
Tomard,male,NA,NA,NA
Tommen Baratheon,male,Baratheon,Tommen Baratheon,https://images-na.ssl-images-amazon.com/images/M/MV5BOTY1YWUxM2QtZjhmZC00ZmQ2LThkM2YtNTk2MmQ5OTk3NGMyXkEyXkFqcGdeQXVyMjk3NTUyOTc@._V1._SX100_SY140_.jpg
Tommen's Manservant,male,NA,NA,NA
Tormund Giantsbane,male,NA,NA,https://images-na.ssl-images-amazon.com/images/M/MV5BMTc1OTU3NjUzNF5BMl5BanBnXkFtZTcwNDE0NzE5OQ@@._V1._SX100_SY140_.jpg
Torrhen Karstark,male,NA,NA,NA
Tortured Prisoner,male,NA,NA,NA
Tortured Slave,male,NA,NA,NA
Trystane Martell,male,Martell,Obara Sand,"https://m.media-amazon.com/images/M/MV5BODkzNjY0NTA0MV5BMl5BanBnXkFtZTgwNjc1NDE3NTE@._V1_SX100_CR0,0,100,100_AL_.jpg"
Tully Bannerman,male,NA,NA,NA
Tycho Nestoris,male,NA,NA,https://images-na.ssl-images-amazon.com/images/M/MV5BOTFjYWJjZTEtM2Y1Zi00YzE0LTkzOTItZGZkNzM2YjBiNjg5XkEyXkFqcGdeQXVyMjk3NTUyOTc@._V1._SX100_SY140_.jpg
Tyrell Guard,male,NA,NA,NA
Tyrell Servant,male,NA,NA,NA
Tyrion Lannister,male,Lannister,NA,https://images-na.ssl-images-amazon.com/images/M/MV5BMjA2MDAwOTI0OV5BMl5BanBnXkFtZTcwNjA3NDg1Nw@@._V1._SX100_SY140_.jpg
Tywin Lannister,male,Lannister,Tyrion Lannister,https://images-na.ssl-images-amazon.com/images/M/MV5BOTA4ODMxMzE1OV5BMl5BanBnXkFtZTcwMTM0ODg4OQ@@._V1._SX100_SY140_.jpg
Unsullied,male,NA,NA,NA
Unsullied Soldier,male,NA,NA,NA
Valyrian Slave,male,NA,NA,NA
Vance Corbray,male,NA,NA,NA
Vardis Egen,male,NA,Bronn,https://images-na.ssl-images-amazon.com/images/M/MV5BMzg1Y2NiYTYtNDY0Yi00OGMwLWJjZjktZDVlNDE1Y2M3MTMzXkEyXkFqcGdeQXVyMjk3NTUyOTc@._V1._SX100_SY140_.jpg
Varly,male,NA,Goldcloak,NA
Vayon Poole,male,NA,NA,NA
Viserion,male,Targaryen,The Night King/Arya Stark,NA
Viserys Targaryen,male,Targaryen,Khal Drogo,https://images-na.ssl-images-amazon.com/images/M/MV5BMTgwNzIxMTU1OV5BMl5BanBnXkFtZTcwNzI2ODg5NA@@._V1._SX100_SY140_.jpg
Walder Frey,male,Frey,Arya Stark,https://images-na.ssl-images-amazon.com/images/M/MV5BYzU0YzZjMTktZDA2Ni00YTRhLWFkZTgtOTQ4Yjg2MmQ2OGUzXkEyXkFqcGdeQXVyMjk3NTUyOTc@._V1._SX100_SY140_.jpg
Wallen,male,NA,Robb Stark,NA
Warlock,male,NA,NA,https://images-na.ssl-images-amazon.com/images/M/MV5BMzE0NjExMGMtYjJlOC00MWI4LTg5MTgtYTIzZTgxZjc2NDAyXkEyXkFqcGdeQXVyMjk3NTUyOTc@._V1._SX100_SY140_.jpg
Waymar Royce,male,NA,White Walker,https://images-na.ssl-images-amazon.com/images/M/MV5BYzE1Y2EwN2QtMzMzZS00MDZkLTg4ZjItN2NkNGNkYjAzZGVlXkEyXkFqcGdeQXVyMjk3NTUyOTc@._V1._SX100_SY140_.jpg
Wendel Manderly,male,NA,NA,NA
Westerosi Trader,male,NA,NA,NA
White Rat,male,NA,NA,NA
White Walker,male,NA,NA,https://images-na.ssl-images-amazon.com/images/M/MV5BMjYzNDMyZWUtMDVlMy00OGQxLWFkZTctOWMxZDk1MDA5MmQzXkEyXkFqcGdeQXVyMjk3NTUyOTc@._V1._SX100_SY140_.jpg
White Walker,male,NA,Samwell Tarly,https://images-na.ssl-images-amazon.com/images/M/MV5BMjYzNDMyZWUtMDVlMy00OGQxLWFkZTctOWMxZDk1MDA5MmQzXkEyXkFqcGdeQXVyMjk3NTUyOTc@._V1._SX100_SY140_.jpg
White Walker,male,NA,Jon Snow,https://images-na.ssl-images-amazon.com/images/M/MV5BMjYzNDMyZWUtMDVlMy00OGQxLWFkZTctOWMxZDk1MDA5MmQzXkEyXkFqcGdeQXVyMjk3NTUyOTc@._V1._SX100_SY140_.jpg
Wildling Rioter,male,NA,NA,NA
Will,male,NA,Eddard Stark,"https://images-na.ssl-images-amazon.com/images/M/MV5BMjA0NjU2MjIzNF5BMl5BanBnXkFtZTgwNzEyODI1MDI@._V1_SY100_CR16,0,100,100_AL_.jpg"
Willem Lannister,male,Lannister,Rickard Karstark,NA
Wine Merchant,male,NA,NA,NA
Winter Town Man,male,NA,NA,NA
Winterfell Shepherd,male,NA,NA,NA
Wounded Lannister Soldier,male,NA,NA,NA
Wun Wun,male,NA,Ramsay Snow/Lyanna Mormont,https://images-na.ssl-images-amazon.com/images/M/MV5BNTFjMTczNTQtNzE5MC00ZTI1LWI0ZGMtMTA4NGU2ZGQ5ZjRkXkEyXkFqcGdeQXVyNDUzOTQ5MjY@._V1._SX100_SY140_.jpg
Wun Wun Wight,male,NA,NA,NA
Wyllis,male,NA,NA,NA
Wyman Manderly,male,NA,NA,NA
Xaro Xhoan Daxos,male,NA,Daenerys Targaryen,https://images-na.ssl-images-amazon.com/images/M/MV5BMTU3NTA5NDA3NF5BMl5BanBnXkFtZTcwNzY2NDg1Nw@@._V1._SX100_SY140_.jpg
Yezzan zo Qaggaz,male,NA,NA,https://images-na.ssl-images-amazon.com/images/M/MV5BZDgyOTFhMzktNWE5MS00YTY3LTk0YTYtMjkyMjFkODIxOTJiXkEyXkFqcGdeQXVyMjk3NTUyOTc@._V1._SX100_SY140_.jpg
Yohn Royce,male,NA,NA,https://images-na.ssl-images-amazon.com/images/M/MV5BZjgwNDc4NGQtMmQyMS00YjMyLWFhZWUtZmM0MjRkYmNmNGExXkEyXkFqcGdeQXVyMjk3NTUyOTc@._V1._SX100_SY140_.jpg
Yoren,male,NA,Amory Lorch,https://images-na.ssl-images-amazon.com/images/M/MV5BMTZjZWMwZWItYTdlNi00N2RmLWFlYjQtZTZlYTIxYTRkMWJlXkEyXkFqcGdeQXVyMjk3NTUyOTc@._V1._SX100_SY140_.jpg
Young Benjen Stark,male,Stark,NA,NA
Young Braavosi,male,NA,NA,NA
Young Ned Stark,male,Stark,NA,NA
Young Rodrik Cassel,male,NA,NA,NA
Zanrush,male,NA,NA,https://images-na.ssl-images-amazon.com/images/M/MV5BNTJjYzk1MGMtNjE3Mi00NjE2LTkzMWUtNGRjODVlY2JmMmI5XkEyXkFqcGdeQXVyMjk3NTUyOTc@._V1._SX100_SY140_.jpg
Adele Smyth-Kennedy,female,NA,NA,NA
Alys Karstark,female,NA,NA,NA
Anara,female,NA,NA,NA
Anya Waynwood,female,NA,NA,NA
Armeca,female,NA,NA,https://images-na.ssl-images-amazon.com/images/M/MV5BZmQyMGVlMDctYWFhMi00YzMyLTlkZDgtOWNmZTY3NmZkYzZlXkEyXkFqcGdeQXVyMjk3NTUyOTc@._V1._SX100_SY140_.jpg
Arya Stark,female,Stark,NA,https://images-na.ssl-images-amazon.com/images/M/MV5BMTk5MTYwNDc0OF5BMl5BanBnXkFtZTcwOTg2NDg1Nw@@._V1._SX100_SY140_.jpg
Aya,female,NA,NA,NA
Barra,female,NA,NA,NA
Bathhouse Prostitute,female,NA,NA,NA
Beggar Woman,female,NA,NA,NA
Bernadette,female,NA,NA,NA
Bianca,female,NA,NA,https://images-na.ssl-images-amazon.com/images/M/MV5BYWJhYjcxYzgtMDlhZi00OGNhLWE0NzAtMWFhMDJlYTZmYzY2XkEyXkFqcGdeQXVyMjk3NTUyOTc@._V1._SX100_SY140_.jpg
Braavosi Madam,female,NA,NA,NA
Braavosi Woman #1,female,NA,NA,NA
Braavosi Woman #2,female,NA,NA,NA
Brea,female,NA,NA,https://images-na.ssl-images-amazon.com/images/M/MV5BMTUxMzc4MjE3N15BMl5BanBnXkFtZTgwMDg0Njc5NTE@._V1._SX100_SY140_.jpg
Brienne of Tarth,female,NA,NA,https://images-na.ssl-images-amazon.com/images/M/MV5BMTYzNDY4NzgzOV5BMl5BanBnXkFtZTcwNDM5ODg4OQ@@._V1._SX100_SY140_.jpg
Brothel Child #1,female,NA,NA,NA
Brothel Child #2,female,NA,NA,NA
Captain's Daughter,female,NA,NA,NA
Catelyn Stark,female,Stark,Black Walder Rivers,https://images-na.ssl-images-amazon.com/images/M/MV5BMTY2ODc4MTkxMV5BMl5BanBnXkFtZTcwNjM3MTg4OQ@@._V1._SX100_SY140_.jpg
Cersei Lannister,female,Lannister,Roof collapse,"https://images-na.ssl-images-amazon.com/images/M/MV5BMTgzNTAxNjExMl5BMl5BanBnXkFtZTcwMDEwNzI4OQ@@._V1._CR954,56,605,670._SX100_SY140_.jpg"
Chella,female,NA,NA,NA
Clea,female,NA,NA,NA
Craster's Wife,female,NA,NA,NA
Craster's Wife #2,female,NA,NA,NA
Craster's Wife #3,female,NA,NA,NA
Craster's Younger Wife,female,NA,NA,NA
Daenerys Targaryen,female,Targaryen,Jon Snow,https://images-na.ssl-images-amazon.com/images/M/MV5BMjA4MzIxMTQwMF5BMl5BanBnXkFtZTcwMzY2NDg1Nw@@._V1._SX100_SY140_.jpg
Daisy,female,NA,NA,https://images-na.ssl-images-amazon.com/images/M/MV5BMDk2ODRhNzItOGZhNi00YTUyLThkMzctMDQ2Zjg5MzY1NTI2XkEyXkFqcGdeQXVyMjk3NTUyOTc@._V1._SX100_SY140_.jpg
Doreah,female,NA,Daenerys Targaryen,https://images-na.ssl-images-amazon.com/images/M/MV5BMjEzNWJmNzYtZjFhYy00NmI5LWFkOWUtOWQ0ZjUzZDYwYjM1XkEyXkFqcGdeQXVyMjk3NTUyOTc@._V1._SX100_SY140_.jpg
Dothraki Crone,female,NA,NA,NA
Dothraki Widow #1,female,NA,NA,NA
Dothraki Widow #2,female,NA,NA,NA
Dothraki Woman Having Sex,female,NA,NA,NA
Eleanor,female,NA,NA,NA
Eleanor's Daughter,female,NA,NA,NA
Ellaria Sand,female,Martell,NA,https://images-na.ssl-images-amazon.com/images/M/MV5BNWQ0ZDE5NDUtNDVmZi00ZTI5LTkyOTgtNDhiNjMwZjY3ZjgwXkEyXkFqcGdeQXVyMjk3NTUyOTc@._V1._SX100_SY140_.jpg
Farmer's Daughter,female,NA,NA,NA
Frances,female,NA,NA,NA
Genna,female,NA,NA,NA
Ghita,female,NA,NA,NA
Gilly,female,NA,NA,https://images-na.ssl-images-amazon.com/images/M/MV5BMTYzOTQxMTA3MF5BMl5BanBnXkFtZTcwODM5NDk4OQ@@._V1._SX100_SY140_.jpg
Handmaid,female,NA,NA,https://images-na.ssl-images-amazon.com/images/M/MV5BMGUwMjczOGQtZjRmOC00NmIyLWE1YmMtZmE2OGEzNzY2Mjg4XkEyXkFqcGdeQXVyMjk3NTUyOTc@._V1._SX100_SY140_.jpg
Handmaid,female,NA,NA,https://images-na.ssl-images-amazon.com/images/M/MV5BMGUwMjczOGQtZjRmOC00NmIyLWE1YmMtZmE2OGEzNzY2Mjg4XkEyXkFqcGdeQXVyMjk3NTUyOTc@._V1._SX100_SY140_.jpg
High Priestess,female,NA,NA,https://images-na.ssl-images-amazon.com/images/M/MV5BMjA1MzQxOTMwM15BMl5BanBnXkFtZTgwMzkwMzg4ODE@._V1._SX100_SY140_.jpg
Inn Waitress,female,NA,NA,NA
Innkeeper's Daughter,female,NA,NA,NA
Irri,female,NA,Doreah,https://images-na.ssl-images-amazon.com/images/M/MV5BY2Y0ZmNiMjItNzVmNi00MGEyLWFhMTUtZDZkYTBmZjFiZDY1XkEyXkFqcGdeQXVyMjk3NTUyOTc@._V1._SX100_SY140_.jpg
Jhiqui,female,NA,NA,NA
Johnna,female,NA,NA,NA
Joyeuse Erenford,female,NA,Catelyn Stark,https://images-na.ssl-images-amazon.com/images/M/MV5BMjA4MTU5NDQzM15BMl5BanBnXkFtZTcwNjQxNDM2OQ@@._V1._SX100_SY140_.jpg
Karsi,female,NA,Pack of Wights,https://images-na.ssl-images-amazon.com/images/M/MV5BMjcxZWVjZTMtZTBhOS00ZjM5LTkxOTctNzdkMmU2ZTIzYzU5XkEyXkFqcGdeQXVyMjk3NTUyOTc@._V1._SX100_SY140_.jpg
Kayla,female,NA,NA,https://images-na.ssl-images-amazon.com/images/M/MV5BZmJhNmU5NGItMmUwNC00NDgxLThlYWMtMzc0NTQ4YmZiMDIxXkEyXkFqcGdeQXVyMjk3NTUyOTc@._V1._SX100_SY140_.jpg
King's Landing Whore,female,NA,NA,NA
Kinvara,female,NA,NA,https://images-na.ssl-images-amazon.com/images/M/MV5BZGNkYWZlZmYtM2Y4Yi00YmJjLTk1OTktNDc0YmMxODY5ZTI2XkEyXkFqcGdeQXVyMjk3NTUyOTc@._V1._SX100_SY140_.jpg
Kitty Frey,female,Frey,NA,NA
Lady,female,Stark,Eddard Stark,NA
Lady Crane,female,NA,The Waif,https://images-na.ssl-images-amazon.com/images/M/MV5BZTUyOTFlNjgtYzJjYS00MDY5LWJhMDQtYTJiZThjOTlmNTg3XkEyXkFqcGdeQXVyMjk3NTUyOTc@._V1._SX100_SY140_.jpg
Leaf,female,NA,Wights,https://images-na.ssl-images-amazon.com/images/M/MV5BYTJjNGJhYmYtNGViMy00NTg3LWI0M2YtNmM3OGI3NzA3MGVjXkEyXkFqcGdeQXVyMjk3NTUyOTc@._V1._SX100_SY140_.jpg
Lhara,female,NA,NA,https://images-na.ssl-images-amazon.com/images/M/MV5BMTBjZDY4M2YtOWU1ZC00NTA2LWI4ODItYWZjYjlhMWY5NDhmL2ltYWdlXkEyXkFqcGdeQXVyMjk3NTUyOTc@._V1._SX100_SY140_.jpg
Lollys Stokeworth,female,NA,NA,https://images-na.ssl-images-amazon.com/images/M/MV5BODQ5MTY2MjAtZmM4NC00OGZmLWIyYjEtYTNlOGQxMzg2NzgxXkEyXkFqcGdeQXVyMjk3NTUyOTc@._V1._SX100_SY140_.jpg
Lyanna Mormont,female,Mormont,Wun Wun,https://images-na.ssl-images-amazon.com/images/M/MV5BOTY3MWNmYjAtZjZhYi00M2IzLWJjNDMtMjUzZmU3NTYyYWUxXkEyXkFqcGdeQXVyMjk3NTUyOTc@._V1._SX100_SY140_.jpg
Lyanna Stark,female,Stark,Jon Snow,https://images-na.ssl-images-amazon.com/images/M/MV5BMTE5NTczY2QtNmQxYS00NTAwLWE2ZTAtYzc1MTkyZGU5MzRkL2ltYWdlL2ltYWdlXkEyXkFqcGdeQXVyMjk3NTUyOTc@._V1._SX100_SY140_.jpg
Lysa Arryn,female,Arryn,Petyr Baelish,https://images-na.ssl-images-amazon.com/images/M/MV5BMmNlYTYzOTYtOTg1ZC00YzdlLTliNTgtZDhjMTY1MGViZTA5XkEyXkFqcGdeQXVyMjk3NTUyOTc@._V1._SX100_SY140_.jpg
Maggy,female,NA,NA,https://images-na.ssl-images-amazon.com/images/M/MV5BZmQ4ZTIyNjYtZWZlZS00MTVjLTgxZTEtMWYyM2RhMzcwYzc4XkEyXkFqcGdeQXVyMjk3NTUyOTc@._V1._SX100_SY140_.jpg
Marei,female,NA,NA,https://images-na.ssl-images-amazon.com/images/M/MV5BYTZkM2M5OWItNjQ1NC00MDcyLWIwYjItODBhZmI5NWYxMDVlL2ltYWdlXkEyXkFqcGdeQXVyMjk3NTUyOTc@._V1._SX100_SY140_.jpg
Margaery Tyrell,female,Tyrell,Cersei Lannister,https://images-na.ssl-images-amazon.com/images/M/MV5BMTkzODQ1MDg3NV5BMl5BanBnXkFtZTcwODA4NDk4OQ@@._V1._SX100_SY140_.jpg
Margaery Tyrell Mummer,female,NA,NA,NA
Margaery's Handmaiden,female,NA,NA,https://images-na.ssl-images-amazon.com/images/M/MV5BMTk4NjcwMzAzN15BMl5BanBnXkFtZTcwNzgxNTcyOQ@@._V1._SX100_SY140_.jpg
Meera Reed,female,NA,NA,https://images-na.ssl-images-amazon.com/images/M/MV5BMTQyOTQwNjI5OF5BMl5BanBnXkFtZTcwOTcyMTEwOQ@@._V1._SX100_SY140_.jpg
Meereenese Homeless Mother,female,NA,NA,NA
Melara Hetherspoon,female,NA,NA,NA
Melessa Tarly,female,NA,NA,https://images-na.ssl-images-amazon.com/images/M/MV5BN2U0YmU1Y2EtNTNkOS00MzIxLWI3OTgtNjUwNGY4YTNiNWJlXkEyXkFqcGdeQXVyMjk3NTUyOTc@._V1._SX100_SY140_.jpg
Melisandre,female,NA,Old Age,https://images-na.ssl-images-amazon.com/images/M/MV5BMTk0MjI5NjQ2OV5BMl5BanBnXkFtZTcwODI4NDk4OQ@@._V1._SX100_SY140_.jpg
Merry Frey,female,NA,NA,NA
Mhaegen,female,NA,NA,NA
Mirelle,female,NA,NA,https://images-na.ssl-images-amazon.com/images/M/MV5BMDFlYzUxNTktYjRiOC00NmM1LTg1OTYtOWMzZTlmOGI0MWE4XkEyXkFqcGdeQXVyMjk3NTUyOTc@._V1._SX100_SY140_.jpg
Mirri Maz Duur,female,NA,Daenerys Targaryen,https://images-na.ssl-images-amazon.com/images/M/MV5BNDNiMzM4ZTAtZDhkMy00OTI3LTkxNzgtMTVjNmU5YTEyYTVjXkEyXkFqcGdeQXVyMjk3NTUyOTc@._V1._SX100_SY140_.jpg
Missandei,female,NA,Gregor Clegane,https://images-na.ssl-images-amazon.com/images/M/MV5BNTE5OTI0OTA0OV5BMl5BanBnXkFtZTcwODczOTAzOQ@@._V1._SX100_SY140_.jpg
Mole's Town Madam,female,NA,NA,NA
Mole's Town Whore,female,NA,NA,NA
Morag,female,NA,NA,NA
Moro's Wife #1,female,NA,NA,NA
Moro's Wife #2,female,NA,NA,NA
Myranda,female,NA,Theon Greyjoy,https://images-na.ssl-images-amazon.com/images/M/MV5BYmJjYTdiNjgtM2JmMC00ZmUxLWE1MzMtZWRiMzcwODZmNDE2XkEyXkFqcGdeQXVyMjk3NTUyOTc@._V1._SX100_SY140_.jpg
Myrcella Baratheon,female,Baratheon,Ellaria Sand,https://images-na.ssl-images-amazon.com/images/M/MV5BMTA4OTA1MTIxMzdeQTJeQWpwZ15BbWU3MDY2NjQ4NTc@._V1._SX100_SY140_.jpg
Nymeria,female,Stark,NA,NA
Nymeria Sand,female,Martell,Euron Greyjoy,https://images-na.ssl-images-amazon.com/images/M/MV5BNDZmN2FkMTEtMmMyYy00ZTcwLWE3MGQtNGU1NzY4MjAxNjQ0XkEyXkFqcGdeQXVyMjk3NTUyOTc@._V1._SX100_SY140_.jpg
Obara Sand,female,Martell,Euron Greyjoy,https://images-na.ssl-images-amazon.com/images/M/MV5BOWU3OTRmYmItZTZiYi00Mjk1LTk2NTItMzBjZmQ3NDZhMDMyXkEyXkFqcGdeQXVyMjk3NTUyOTc@._V1._SX100_SY140_.jpg
Old Nan,female,NA,NA,https://images-na.ssl-images-amazon.com/images/M/MV5BZTEzZmMxMzQtYzA4OC00YjI3LTg3Y2QtNjNhMjE2MDMxZDZlXkEyXkFqcGdeQXVyMjk3NTUyOTc@._V1._SX100_SY140_.jpg
Old Woman,female,NA,NA,NA
Old Woman Prisoner,female,NA,NA,NA
Olenna Tyrell,female,Tyrell,Jaime Lannister,https://images-na.ssl-images-amazon.com/images/M/MV5BMTkxMjgwOTQ3Nl5BMl5BanBnXkFtZTcwMjE2NzE5OQ@@._V1._SX100_SY140_.jpg
Olly's Mother,female,NA,NA,NA
Ornela,female,NA,NA,https://images-na.ssl-images-amazon.com/images/M/MV5BODdmZDIwMTEtYWI1OS00YTVmLWIzZGUtOWI4YTk3MWU3NTNhXkEyXkFqcGdeQXVyMjg2MTMyNTM@._V1._SX100_SY140_.jpg
Osha,female,NA,Ramsay Snow,https://images-na.ssl-images-amazon.com/images/M/MV5BMjI4NjY0ODY2OV5BMl5BanBnXkFtZTcwMzU5ODg4OQ@@._V1._SX100_SY140_.jpg
Qartheen Woman,female,NA,NA,NA
Quaithe,female,NA,NA,https://images-na.ssl-images-amazon.com/images/M/MV5BMWU1YzE1MmUtMDk3ZS00ZTQxLTg5ZjEtYzgxZDk5MzFkOWUyXkEyXkFqcGdeQXVyMjk3NTUyOTc@._V1._SX100_SY140_.jpg
Red Priestess,female,NA,NA,NA
Red Priestess,female,NA,NA,https://images-na.ssl-images-amazon.com/images/M/MV5BNTM5MjlkYjItM2YzOC00NGQwLTllZDktYmY3YmMxYjNjMzVjXkEyXkFqcGdeQXVyMjk3NTUyOTc@._V1._SX100_SY140_.jpg
Ros,female,NA,Joffrey Baratheon,https://images-na.ssl-images-amazon.com/images/M/MV5BMTg0NzA4OTQ5Ml5BMl5BanBnXkFtZTcwMDY5ODg4OQ@@._V1._SX100_SY140_.jpg
Roslin Frey,female,Frey,NA,https://images-na.ssl-images-amazon.com/images/M/MV5BNzhhZGIxYjctMjBkNC00YTJhLTlmMDAtOWUyYjlhNWE3Yzg3XkEyXkFqcGdeQXVyMjk3NTUyOTc@._V1._SX100_SY140_.jpg
Sansa Stark,female,Stark,NA,https://images-na.ssl-images-amazon.com/images/M/MV5BNjAwMjE2NDExNF5BMl5BanBnXkFtZTcwODAwODg4OQ@@._V1._SX100_SY140_.jpg
Selyse Baratheon,female,Baratheon,Selyse Baratheon,https://images-na.ssl-images-amazon.com/images/M/MV5BZGZjNDA5YWUtZjE5OC00NGE2LWI3Y2UtOTQ1Yjg1MDc3MTk4L2ltYWdlXkEyXkFqcGdeQXVyMjk3NTUyOTc@._V1._SX100_SY140_.jpg
Septa Moelle,female,NA,NA,https://images-na.ssl-images-amazon.com/images/M/MV5BMTQ3ODQ3NzIzMV5BMl5BanBnXkFtZTgwODczMjk5NTE@._V1._SX100_SY140_.jpg
Septa Mordane,female,NA,Lannister Guardsman,https://images-na.ssl-images-amazon.com/images/M/MV5BMzc5ZTY2MTEtYzZiNy00MGExLWI0MjctOTcxMjdlZmU3OWM5XkEyXkFqcGdeQXVyMjk3NTUyOTc@._V1._SX100_SY140_.jpg
Septa Scolera,female,NA,NA,https://images-na.ssl-images-amazon.com/images/M/MV5BMTQ3ODQ3NzIzMV5BMl5BanBnXkFtZTgwODczMjk5NTE@._V1._SX100_SY140_.jpg
Septa Unella,female,NA,NA,https://images-na.ssl-images-amazon.com/images/M/MV5BYzUwNTlhNTktNDViMS00ZmJiLWJlMDMtNTUzZWU1ZTVjZTY4XkEyXkFqcGdeQXVyMjk3NTUyOTc@._V1._SX100_SY140_.jpg
Shae,female,NA,Tyrion Lannister,https://images-na.ssl-images-amazon.com/images/M/MV5BMTkwMTA0NTY5NF5BMl5BanBnXkFtZTcwNjk2ODg4OQ@@._V1._SX100_SY140_.jpg
Shireen Baratheon,female,Baratheon,Melisandre,https://images-na.ssl-images-amazon.com/images/M/MV5BZjUzNmYzZDktZGY4ZS00ZDA1LWE1MGItMDAwM2E1ZGVlODg1XkEyXkFqcGdeQXVyMjk3NTUyOTc@._V1._SX100_SY140_.jpg
Sissy,female,NA,NA,NA
Talisa Maegyr,female,NA,Lothar Frey,https://images-na.ssl-images-amazon.com/images/M/MV5BMjE1MjY3ODA5OF5BMl5BanBnXkFtZTcwMTA3NDk4OQ@@._V1._SX100_SY140_.jpg
Talla Tarly,female,Tarly,NA,https://images-na.ssl-images-amazon.com/images/M/MV5BZTYwYTA2MWEtM2FjNS00MDNhLWIyMzMtODI0Mjg2Y2ZlODBiXkEyXkFqcGdeQXVyMjk3NTUyOTc@._V1._SX100_SY140_.jpg
Tansy,female,NA,NA,NA
Teela,female,NA,NA,NA
The Crone,female,NA,NA,NA
The Maiden,female,NA,NA,NA
The Mother,female,NA,NA,NA
The Mother of Dragons,female,NA,NA,NA
The Smith,female,NA,NA,NA
The Stranger,female,NA,NA,NA
The Waif,female,NA,Arya Stark,https://images-na.ssl-images-amazon.com/images/M/MV5BMzlkNTU5NTYtNmY5OS00NTY2LTk2YWItODU0OTc0MTA5NDQ1XkEyXkFqcGdeQXVyMjk3NTUyOTc@._V1._SX100_SY140_.jpg
The Waif's Disguise,female,NA,NA,NA
The Warrior,female,NA,NA,NA
Tyene Sand,female,Martell,Cersei Lannister,https://images-na.ssl-images-amazon.com/images/M/MV5BNDY5NzBiMTQtYzhmMS00Y2FmLTkzYzYtYzM2ODBjNGZlNGNiXkEyXkFqcGdeQXVyMjk3NTUyOTc@._V1._SX100_SY140_.jpg
Tyrell Lady,female,NA,NA,NA
Vala,female,NA,NA,https://images-na.ssl-images-amazon.com/images/M/MV5BYzdiYzllYjMtMGJmNC00NWIwLWIwMzEtOTM1Mjk4ZTkxZDM1XkEyXkFqcGdeQXVyMjk3NTUyOTc@._V1._SX100_SY140_.jpg
Violet,female,NA,NA,NA
Volantene Whore #1,female,NA,NA,NA
Volantene Whore #2,female,NA,NA,NA
Volantene Whore #3,female,NA,NA,NA
Volantene Whore #4,female,NA,NA,NA
Volantene Whore #5,female,NA,NA,NA
Walda Bolton,female,Bolton,Ramsay Snow's Hounds,https://images-na.ssl-images-amazon.com/images/M/MV5BOTZiNWE2YTYtZDA2Ny00ZmUwLTk4ZWUtZjFkM2JkYjFiNjE3XkEyXkFqcGdeQXVyMjk3NTUyOTc@._V1._SX100_SY140_.jpg
Whore,female,NA,NA,NA
Whore #1,female,NA,NA,NA
Whore #2,female,NA,NA,NA
Whore #3,female,NA,NA,NA
Whore #4,female,NA,NA,NA
Whore #5,female,NA,NA,NA
Whore #6,female,NA,NA,NA
Wight Wildling Girl,female,NA,NA,https://images-na.ssl-images-amazon.com/images/M/MV5BNTg0OTdiOTYtNjBlYS00ZjI1LWEzMTAtODExOWRhNDZhMWNhXkEyXkFqcGdeQXVyMjk3NTUyOTc@._V1._SX100_SY140_.jpg
Willa,female,NA,NA,NA
Yara Greyjoy,female,Greyjoy,NA,https://images-na.ssl-images-amazon.com/images/M/MV5BMTc2NzU5ODk0MV5BMl5BanBnXkFtZTcwMzEyNDY2OQ@@._V1._SX100_SY140_.jpg
Ygritte,female,NA,Olly,https://images-na.ssl-images-amazon.com/images/M/MV5BMTg0NDA1Njk3Nl5BMl5BanBnXkFtZTcwOTQ2NDk4OQ@@._V1._SX100_SY140_.jpg
Young Cersei Lannister,female,Lannister,NA,NA
Young Lyanna Stark,female,Stark,NA,NA
Young Nan,female,NA,NA,NA
Yunkai'i Whore,female,NA,NA,NA
